,User_ID,willPurchase
70415,7ba6c12d9d7c3f9,0.9825
19888,200b4bcdd0b35e8,0.9825
81010,90b8ac5d9e0d2cb,0.9825
42229,4708979d4ea1c79,0.9825
46684,4ef8fad8fe024f9,0.9825
75655,85ea11c7108943a,0.9825
67747,765fed9f48be1bf,0.9683333333333334
56728,6185fd8019e992e,0.9533333333333335
99061,b5ab14471c82a2e,0.945
77590,89f8e8e81f5a631,0.94
132313,fef2a7b45ab9861,0.9316666666666665
77007,88c636e19137e87,0.9233333333333333
5093,07f2b6e26601e8e,0.91
94965,ad15df8fce006a5,0.9
9538,0f0b0a70eb46788,0.8966666666666666
93757,aa92d51e2591b41,0.8966666666666666
35106,3a68a0fcf86273b,0.8883333333333333
64286,6fc5dbafebf2871,0.8866666666666667
54148,5cb5e2f04c8e946,0.87
101092,b9ce97a97d428f6,0.8675
40592,44081f2f5fb9063,0.86
19081,1ebbaff443a77e0,0.86
116802,db9437010d56af8,0.86
91996,a6e63b19ec8a69c,0.86
19932,2023deb8101220e,0.86
82042,92c459d5309e2ab,0.86
10812,11171b5713f2020,0.85
9674,0f44d887df1582b,0.8440000000000001
48369,52041895311c97f,0.8419367576867571
62758,6ce1077af23a94e,0.8419367576867571
91694,a644eac4a772ad3,0.8419367576867571
74990,8496910a45cc0cf,0.8419367576867571
13830,160a5b4dcfc0954,0.8419367576867571
131693,fd852265be770b4,0.8419367576867571
19411,1f42d5f4b037fb3,0.8419367576867571
118606,df9abab19f9d30a,0.84
57696,634eb8e4be615c8,0.84
98728,b4fbade64b05ebd,0.84
97663,b2df9ef2ed1e087,0.84
104834,c18e24e43b0f38f,0.8395
34765,39df8d2577dbc14,0.835
28747,2f0fce77d5478e5,0.83
109071,ca92f5a30ee0a67,0.83
31753,346f6a1b647d09d,0.83
126066,f0b690106293d72,0.83
10035,0fd4b6be627746d,0.8266666666666665
34457,39517390e2541ba,0.8266666666666665
65405,71e0f0db3f08fec,0.82
77341,8973c1c502df4f7,0.82
131485,fd002a09abb6a62,0.82
22103,2390b95331c4b61,0.82
65373,71d45a0c4ef789f,0.81
96445,b031277bbc58ac1,0.81
98530,b497d8edbd70fec,0.81
54166,5cbcb092b297b78,0.81
63644,6e84dd8c3ebb4e7,0.81
84146,96f8eb316095612,0.81
61589,6a8a1ca449b79fc,0.81
34381,393270b3689c413,0.81
121872,e724a59af58d59f,0.81
121810,e701ea4977d98d7,0.8039999999999999
47949,5138bb705c756a3,0.8039999999999999
40123,432a21eddff8474,0.8039999999999999
62204,6bcc5df9879bc1a,0.8039999999999999
16398,1a2dd0755805b97,0.8039999999999999
131553,fd2e098047aa24e,0.8
120548,e426bc236b3d55e,0.8
76793,8844c360cec6783,0.8
92589,a8296236afda3d1,0.8
48452,5223e552f2c2675,0.8
55613,5f79f5c835907c9,0.8
6802,0aaaa06ec3c3c9e,0.8
96195,afa65a34e1e279b,0.8
88275,9f44438508d4bc6,0.8
35179,3a86d87c92c3ce8,0.7941666666666666
74831,843fcd61af77e6f,0.7933333333333333
37631,3ec1a716e67c59a,0.7916666666666667
38387,4037e60754e3d95,0.79
30464,3216e217882a1b5,0.79
104236,c046f6208e9d6c1,0.79
110273,cd59d1f302a9320,0.79
11660,127c9792aaf2a28,0.79
131505,fd0d5fa1f178c0f,0.79
93256,a9885560e8d3935,0.79
120011,e2ee590fb3fe3a5,0.79
27069,2c010e514caa861,0.79
5928,0939c365357d4c6,0.79
131692,fd84b6218a7534c,0.7886666666666667
41567,45d155e8ff38962,0.7830000000000001
107624,c775048c208b164,0.7830000000000001
17188,1b8a474a0f1b6ca,0.7829999999999999
1011,01ad0a2f0f734e8,0.7814206349206348
86887,9c75a6c68aa6f85,0.78
93546,aa1e30a2756592f,0.78
121303,e5dc7710b5302f6,0.78
74394,8363ec4ceec589a,0.78
97377,b23ece3cbc86e4a,0.78
3638,05afc1648b9c50b,0.78
42138,46dc8c5d2ff3b08,0.78
82808,94427ab54b7d3ca,0.78
64809,70c9caad9c4857c,0.78
21607,22cc6ae986e73cc,0.78
66619,74389a53eee7c74,0.78
46400,4e778ee4c613bda,0.78
26411,2acde1354893f36,0.78
72217,7f1d1900c15d34b,0.78
72437,7f8ac907fd43100,0.78
118751,dff7482e3edd1a4,0.7733333333333334
87731,9e1ff14a23f4b99,0.7725
41454,45a5af3eb146a25,0.7706666666666666
7923,0c7cab865723fd5,0.7706666666666666
48248,51cdb9bf522d286,0.77
50326,5585ec55af54e52,0.77
42183,46f54920705c54f,0.77
94214,ab8c00e65660d8d,0.77
127700,f448f6fe1c5f950,0.77
62558,6c75af373d26a6d,0.77
34961,3a2cc57b343f26d,0.77
78349,8b7f1d68bf4be9d,0.77
45811,4d6820cb6922e13,0.77
49868,54b3e9447d8dd13,0.77
90740,a456702de7fee58,0.77
103519,bed02eb6bdb1216,0.77
32809,3663f01d6716f95,0.76225
28814,2f2c2672dbedf30,0.76
75330,85491e81b85eb8d,0.76
13422,155cce93c714b94,0.76
41342,456b1f64182a456,0.76
5338,0855c7deddd5cf4,0.76
65603,724c572d2f0ac30,0.76
10580,10b220dd6b198dd,0.76
86522,9baeac80552be0d,0.76
105152,c230dee76244bf9,0.76
63355,6df74d9fb710b70,0.76
100782,b9348beece2d1fb,0.76
128120,f538f127ad32abe,0.76
86696,9c11131946b4fc9,0.7596666666666667
6354,09f10317a5a1803,0.7541666666666665
86932,9c8e819991f81b9,0.7541666666666665
44448,4b0292075124832,0.75
34210,38e355f890945ef,0.75
91396,a59a6414a84bd95,0.75
94138,ab69dc9f98180ee,0.75
81288,914651800c44ec6,0.75
92920,a8d19e8391e8b99,0.75
69312,79885f2ba384379,0.75
24150,26ee3967de49952,0.75
84301,9749e28e8c2deda,0.75
37435,3e6eb5fddc77a53,0.75
80450,8f91c61e4aaf7d6,0.75
76930,88994e0730c282e,0.75
105516,c2e9277abb3b794,0.75
35680,3b53952fb4ff5ea,0.75
11111,118ce9bab0892c8,0.75
57658,633e51c266391a3,0.75
21938,235814a746bb61a,0.75
125572,ef90681b3d56bf6,0.75
31251,338eacea9fc840c,0.75
106661,c553affb2a3d634,0.75
131582,fd41db7856f4c81,0.75
62166,6bba4868291b137,0.75
40890,44961766485c070,0.75
131093,fc153c08e23f03d,0.75
57910,63adffa00da294d,0.7486666666666667
66003,730bee2b3758a43,0.7486666666666667
100566,b8cbf0023cdeeeb,0.745
77455,89b49117551ccdf,0.745
30388,31f75654879cdbb,0.7422619047619047
72765,802f42420310c46,0.7422619047619047
117557,dd32bf1fa1eebb4,0.7422619047619047
77744,8a49343beb73a05,0.7418333333333333
56831,61bb3790265380d,0.7418333333333333
98018,b399e0825966224,0.7418333333333333
6789,0aa787698948afe,0.7418333333333333
77882,8a964e075913463,0.74
62839,6cfd75163017dff,0.74
4605,07305428c24992d,0.74
28480,2e8b3139769a0c4,0.74
31535,340f81347b0b8ba,0.74
82981,9499ad02cd3b127,0.74
45603,4d18598bb8f3bf2,0.74
103258,be3ab5f93c21c6f,0.74
102845,bd632b7389c0e40,0.74
100089,b7ca7bc752af58b,0.74
79882,8e71cf27c21bdcf,0.74
19791,1fe5f6a1554e966,0.74
20500,2104742c76699d5,0.74
1175,01efb6b2398b11c,0.7392857142857143
77346,8975b18820725b6,0.735
51219,572e9a4bee2cc79,0.7333333333333334
60128,67b8ffabc687ad2,0.7333333333333334
71565,7dd4215414ca7a4,0.7333333333333334
21280,2247940faf6bb5a,0.7311666666666667
81185,910e54d2a47516b,0.7311666666666667
30535,32386b82c837b7e,0.730614524364524
29946,31296587f98aa00,0.7300357142857142
58746,65257814be58843,0.7300357142857142
64507,702c8e484ee56e5,0.7300357142857142
58890,65673448bb0072a,0.7300357142857142
59601,66c1d501d97006c,0.7300357142857142
71942,7e8f807cc601ba0,0.7300357142857142
122012,e776c7b53159d5a,0.7300357142857142
5977,0952ae69bbde6c7,0.7300357142857142
47800,50f4aa878bbed02,0.73
102571,bcd5f28d661fb51,0.73
40927,44a865e5d6e5412,0.73
90995,a4d5a093e3a83a7,0.73
25496,29463f92e409f0d,0.73
127121,f30a6dbbd0507c9,0.73
89724,a2573eee94a09e5,0.73
37627,3ec09f118a13852,0.73
109952,cc9672f788a5ac9,0.73
31707,345d49f89f45dce,0.73
39362,41e2653353736c5,0.73
109453,cb776d61503c99c,0.73
108660,c99a7e349ba8efc,0.73
23972,26a4dff161c341c,0.73
62628,6c93d24ab4a8429,0.73
119447,e1a06ae05cf2965,0.73
10381,10626d4d3fb31e6,0.73
29105,2fabdccddcf8a5b,0.73
89090,a0f64c6642d0d01,0.73
86686,9c0b1cb28c18c96,0.73
48486,523455165c2eacb,0.73
45822,4d6c49083240827,0.73
41792,4640af248c04ed2,0.7294491341991342
81124,90f1733d90a7ee3,0.7276666666666668
70227,7b4b364ffc5a31c,0.7245
95968,af29c1bdfda28c6,0.7245
3481,05758b3bb756d0e,0.7245
30072,3161f57f4e64274,0.7245
38705,40c5a061d177b6b,0.7245
88418,9f862731e60e6fe,0.7245
20145,20734cf8aa35bf1,0.7200238095238095
25366,290d2e449ef4171,0.7200238095238095
61438,6a3730f0ca2b878,0.7200238095238095
62369,6c16a62d8c6eb55,0.7200238095238095
5416,0875c18642b641d,0.7200238095238095
6366,09f67d0de09d084,0.7200238095238095
40434,43b24f50c598b08,0.7200238095238095
44234,4a988bd0a0b9e7e,0.7200238095238095
88034,9ecd0d21c6b39ea,0.7200238095238095
66620,7438ebb37e27a35,0.7200238095238095
35201,3a91832ca387b69,0.7200238095238095
69681,7a3a2760649a97a,0.72
3201,05035657c6ef4ef,0.72
36727,3d3709eeba44a91,0.72
27920,2d91b8f87fae6f7,0.72
86351,9b5bc5cfff7beab,0.72
30327,31dfc49e9c52960,0.72
112382,d1ee16950f9e6a0,0.72
81115,90ec82a0d55658f,0.72
76217,87023b7a3846e1b,0.72
59489,668e63e1240f54f,0.72
76025,869e7788f5a8262,0.72
11900,12dd81d6965a4a4,0.72
88547,9fd3b6f43c2fb74,0.72
99845,b740b3bddd811a8,0.72
99628,b6d3f2ca966c0bc,0.72
91274,a5582c72b57368d,0.72
31945,34c7eece07d75d0,0.7193333333333334
28179,2e010a452076115,0.7183333333333334
28107,2de268cce355d78,0.715
36737,3d396e57ef643da,0.715
77385,898c91718f8e4a6,0.7145
121563,e671a23f0fd3b59,0.7145
82645,93ef75b98f34b47,0.7145
43425,493c77e533ea531,0.7145
112614,d2666b2f5359c0a,0.7145
109949,cc9220155e85902,0.7145
56804,61abbdba73269d1,0.7145
52958,5a68a00353ac252,0.7145
74453,83802d10c653bb1,0.7137560947824106
130477,faa1237c5f82f8f,0.7137560947824106
28817,2f2cef93d4e6738,0.7137560947824106
61652,6ab1110c35d3f84,0.7137560947824106
82621,93e0e2e922e6fae,0.7137560947824106
122682,e8fc387363c74aa,0.7137560947824106
71857,7e6678e6852c34d,0.7137560947824106
4124,066cab1ea2871a1,0.7137560947824106
40153,433a1dd7f14f102,0.7137560947824106
9357,0eb76e50117e443,0.7137560947824106
59187,66005ba3bda83dd,0.7137560947824106
7344,0b8dee283612bfa,0.7137560947824106
280,0078f34160a11ae,0.7137560947824106
92088,a71437c6de80c14,0.7137560947824106
131122,fc2706e5b333b50,0.7137560947824106
72299,7f468ad0ad8f0cf,0.7137560947824106
53093,5aaa18e3318b480,0.7137560947824106
28723,2f065f48728b442,0.7137560947824106
6526,0a311d93dff79e1,0.7137560947824106
72888,806b5da16757b8c,0.7137560947824106
114547,d695834db277100,0.7137560947824106
11867,12d2976cf7442db,0.7137560947824106
88715,a0253ee5dccce1a,0.7133333333333333
79067,8ceb0d6a448d3bd,0.7133333333333333
46773,4f22f4762f7691f,0.7113809523809523
94001,ab17a243feccced,0.7113809523809523
106483,c4edd177b0613f6,0.7113809523809523
88339,9f5ec8f05bac58e,0.7113809523809523
1625,02a98642cbec056,0.7113809523809523
24092,26d2cb2c5363e65,0.7113809523809523
38207,3fe3c5de733036d,0.7113809523809523
90715,a44831adb42d820,0.7113809523809523
36674,3d21026a0856d58,0.71
33435,378ce148a446043,0.71
7846,0c59bd7bb0a46da,0.71
63457,6e26154d3d7e74a,0.71
9146,0e6446dbb94991a,0.71
124650,ed7d801b30c57a9,0.71
104029,bfe33785c8c7d20,0.71
11951,12f176061eb874d,0.71
36955,3d964d5c98fc18b,0.71
58025,63e3ddecbc516bd,0.71
26008,2a228ad08e8145f,0.71
77194,892e4be2638cbdb,0.71
87607,9ddfd82dddfa557,0.71
131295,fc8aec9e690fdbd,0.71
78194,8b30b6bb501219b,0.71
34711,39c614eb0410088,0.71
79799,8e450b920903b1e,0.71
109902,cc7a8c1e3c3a7c1,0.7096666666666667
105184,c240f612811bfaa,0.7091666666666667
18703,1e13d75e06f7cd9,0.7091666666666667
59829,6734bf09afa46f3,0.7091666666666667
108642,c9908ab22938ca0,0.7091666666666667
22771,24ac3a5a6b18097,0.7091666666666667
14303,16c13f9619fa786,0.7091666666666667
71833,7e59aa0e8bef049,0.7091666666666667
119068,e0c5532982a1b74,0.7091666666666667
4060,0651529f8870ee3,0.7091666666666667
25502,294a203cc3c0c61,0.7075
117595,dd475abe0acc35e,0.7055833333333331
1787,02e8d71605cd7c3,0.7055833333333331
132667,ffad607e07caa84,0.7055833333333331
78167,8b245b90f108c4c,0.7055833333333331
115974,d9c9162a13f767d,0.7055833333333331
49056,533e6a6b844d021,0.7055833333333331
122236,e7f34058668f1ab,0.7055833333333331
60638,68aa782c215e50a,0.7055833333333331
79277,8d4f09381fccb5c,0.7055833333333331
131916,fdfbe1390f811b6,0.7055833333333331
54494,5d5e9e731f48fd2,0.7055833333333331
25680,2994dfc020a79c1,0.7055833333333331
30867,32c682aab45cd81,0.7055833333333331
97292,b2100dbf52e5b99,0.7055833333333331
52181,59022f98d4c3126,0.7055833333333331
51868,5872e343c4beaec,0.7055833333333331
49770,5489805a1af76b1,0.7055833333333331
10109,0fef6044d395b0e,0.7055833333333331
50338,558d87f25b1dc1e,0.7055833333333331
79672,8e03afb6ae178ee,0.7055833333333331
35255,3aa5d06c597cd33,0.7055833333333331
7067,0b19832360451ad,0.7055000000000001
120026,e2f679d57926c69,0.7055000000000001
102248,bc25fbbb7fdb167,0.7055000000000001
68510,77f389e87c8d338,0.7055000000000001
67618,7623d557e404b36,0.7055000000000001
127674,f43afc63e4f7901,0.7055000000000001
58624,64f293605a13285,0.7055000000000001
43384,492c99c376aec32,0.705
39045,4156c8a6c25f72d,0.7045
8708,0dbc82194c1d9ad,0.7041666666666666
6096,09880466e93573e,0.7041666666666666
27273,2c5cd64d118898b,0.7025
120531,e41ea57cc60213b,0.7012424797424797
67270,757ba5f497504ab,0.7
46013,4dbd47d422b0c56,0.7
23717,2639b13c8f76dc2,0.7
85775,9a31ce61ab257de,0.7
115634,d905b6a12a41608,0.7
77280,895cff9c0ae623e,0.7
119359,e16fa0c138c30a4,0.7
4003,063b574556df282,0.7
94388,abd9318c0c0f873,0.7
85723,9a1abf469b52361,0.7
30792,32a30363091b144,0.7
95268,adb4ebe2241bbb4,0.7
56324,60c059446f72d47,0.7
97797,b3235243f7a746c,0.7
21725,23004a47fc2ab08,0.7
96166,af9682d336d651e,0.7
94639,ac61dcda581de79,0.7
716,0131d0d21161e6f,0.7
77732,8a4082d33c0e1ff,0.6998333333333333
84023,96beb2f184bf930,0.6997857142857145
92918,a8d0ab8ca7c2056,0.6997857142857145
102798,bd4c451bd2b01f7,0.6997857142857145
77030,88cfe0ad77fdf50,0.6997857142857145
23768,264d64a471bdbce,0.6997857142857145
35390,3adbaa784212f7b,0.6997857142857145
31157,3358164048182b1,0.6997857142857145
50115,55233a6422a883e,0.6997857142857145
67802,767be0af0b5a573,0.6997857142857145
60464,685419e26dbe864,0.6997857142857145
20911,21b618e6e5122b9,0.6983333333333333
94714,ac86cc32ac060a0,0.695
52144,58eab4654d984f5,0.695
8940,0e0e17349036e7f,0.695
94957,ad128634c5a1e6d,0.695
38412,403ee92922c39a1,0.695
131814,fdc4662ea764f99,0.695
85295,9944577e5e97c34,0.695
125081,ee84fc09ad1fe21,0.695
33990,3885574826b57f8,0.695
27880,2d7f452e1d9fb85,0.695
33139,370274d41592fd7,0.6941666666666666
74023,82a292c78a226ef,0.6929999999999998
99553,b6a8aae64804aaa,0.6929999999999998
127436,f3b3be3bd1e07bb,0.6929999999999998
117061,dc2e378c6472bcb,0.6929999999999998
21365,226a460622e266b,0.692179556504814
118295,deec7171145bfb3,0.692179556504814
34078,38a80cfe89c06d9,0.692179556504814
49000,5320d975c57b388,0.692179556504814
129759,f8f9ed25f450680,0.692179556504814
77011,88c750f29acd846,0.692179556504814
59617,66cc87828e80d24,0.692179556504814
107918,c815d16ccae7484,0.692179556504814
48028,515cb0ad939b1e1,0.692179556504814
33496,37a8e79fa3512fd,0.692179556504814
16915,1b134683e55b28c,0.692179556504814
80524,8fb93c73a42861a,0.692179556504814
64919,71034cc43b51dd9,0.692179556504814
99912,b768a2856db3626,0.692179556504814
113374,d416177e729c225,0.692179556504814
126331,f1535e9257dc252,0.692179556504814
110421,cdac91dac4221eb,0.692179556504814
91370,a58b45fbeef2afc,0.692179556504814
131991,fe26598329d2b39,0.69
113812,d502f4f5eafdad4,0.69
22084,238b0ee50a63711,0.69
70759,7c4dd4fe0851a6a,0.69
89206,a1374b286819e58,0.69
29789,30e251144cf11ac,0.69
58476,64afc0d0d97d534,0.69
107845,c7f1756ab02b8b9,0.69
24267,271bdb8ed61f435,0.69
64330,6fdd96394401ce9,0.69
69068,79134aa7227f36c,0.69
10992,1155d8d7ae1b292,0.69
6702,0a814e3e0b85608,0.69
23749,2643819f8bcf2e5,0.69
18832,1e4f6139c061266,0.69
73697,820a9a2beac42db,0.69
94046,ab325389025258d,0.69
74852,844b5f0d4fd028b,0.69
71817,7e53f314d2859f5,0.69
90072,a3030997e251e49,0.69
90907,a4aa94a29bf6931,0.69
115866,d98f94d89982a88,0.69
120624,e451a0430ec9ef8,0.69
90245,a3612eda5c34ac8,0.6897261904761903
10343,10515f9583a9775,0.6891666666666667
38624,409b6efcdf4c3c0,0.6875
48431,521c5bbddbfe50e,0.685
93473,a9f20f464ec6da1,0.685
45864,4d7c23c2e35a8ab,0.685
78837,8c73186d82bd94b,0.6836666666666668
97193,b1d5a8edbe5fa94,0.6808809523809523
5183,08182f376bc95d5,0.6808809523809523
96923,b13a2d73c31d394,0.68
1454,0268b7fa9ff41a2,0.68
18264,1d4f715f9117ad4,0.68
92951,a8def7fde65737d,0.68
39002,41413ccee871962,0.68
86969,9ca08b17d1c1cc6,0.68
99414,b66318cc083c6f0,0.68
88191,9f154380f343569,0.68
68504,77f0e01332bb202,0.68
4330,06bfaab5fffc909,0.68
28508,2e9a8196d91c18e,0.68
56253,609c1fdc22a957c,0.68
42216,47039089615b589,0.68
68959,78ded3dcc005bb8,0.68
14906,17c0cf11007fa89,0.68
81724,921dabe84d0c995,0.68
69271,79757508de23f59,0.68
78577,8becbb763ecf356,0.68
29704,30b8fb1fa128d6c,0.68
130554,facdd2bc1d8a312,0.68
85240,992a884d828e7b2,0.68
53042,5a8e6bd9e244a4e,0.68
122081,e79a97969196a66,0.68
48062,516c9d90b5a86e1,0.68
86738,9c262014bed9ef3,0.68
63962,6f1a6d0c01fe6ba,0.68
51282,574b0bef2d52468,0.68
27649,2d167e56f1893db,0.68
124502,ed22adffacd7bce,0.68
51758,583b926e3c0199d,0.68
127462,f3be7062ce7e8d8,0.68
26105,2a526b199dc06e4,0.68
33900,385ea3944c656de,0.68
114620,d6c273d13f1d071,0.68
3142,04e8525791b752b,0.68
59343,664f3375733649a,0.68
131766,fda6cc289f4f112,0.68
26157,2a645b8895c6dba,0.68
75802,86348780bbcffcf,0.6786666666666668
115112,d7ef4b2d8158a7d,0.6786666666666668
56566,612e119043a5ba0,0.6766666666666667
47295,500f4e26c71bbe8,0.675
16930,1b1d8ae31b5d89f,0.675
111707,d07e115a66a091b,0.675
105451,c2c7c1bde5aec33,0.675
129796,f90ae59fa32f58d,0.675
108448,c92fd42d25615dc,0.675
31881,34a907ab7f3a406,0.6733333333333333
126862,f277e4bc2715011,0.6710714285714287
81281,91441be14ab82be,0.6710317460317461
933,0187512d1502646,0.67
31529,340c40a1b6bb2be,0.67
103280,be44cf81229f874,0.67
108752,c9dc472bf3db202,0.67
113103,d379660be5b3826,0.67
77699,8a311afcbe815dd,0.67
29282,2ffb83acd336555,0.67
5724,08eb088a73b5cd1,0.67
104902,c1ae4068edcdcd2,0.67
28227,2e184399673fd8b,0.67
32695,362910baf758790,0.67
113943,d54abaa471265ff,0.67
120671,e46aee2acbf7467,0.67
8846,0dedb7bfe7e2c52,0.67
31101,334199a1cf860e3,0.67
38997,4140588c0bf19c8,0.67
64948,710fd6893d5e171,0.67
10235,10205dd0c759b28,0.67
44765,4b8dc685e2d60ca,0.67
102801,bd4e17a5a2ddf67,0.67
8732,0dc52bb6a8c1a72,0.67
106629,c540a65e71d944b,0.67
83750,962e864b2c12ed2,0.67
21968,2364595c7a0a60b,0.67
91795,a67a270e5293746,0.6694405942268945
58510,64c1ea2872b9c4d,0.6685
89864,a29dedd444d4642,0.6684718403158607
87166,9d02e39856d98ff,0.6684718403158607
77605,8a000b7f20edb8c,0.6684718403158607
130491,faa82ae1818602d,0.6684718403158607
72644,7ff4f4c8b45cfd3,0.6684718403158607
23327,2587018afea3eea,0.6684718403158607
109762,cc2a566d353daf7,0.6684718403158607
18102,1d0de2a75dd1374,0.6684718403158607
26359,2ab8a840fa15403,0.6684718403158607
94634,ac5e2ca2c2ed43d,0.6684718403158607
98103,b3c13959a088828,0.6684718403158607
88130,9ef7423b6348073,0.6684718403158607
30688,32775fd4adc5c61,0.6684718403158607
56910,61e00f335127a34,0.6684718403158607
86571,9bcbca47980f3b6,0.6679999999999999
38058,3f967d8d05c356d,0.6679999999999999
18510,1dc007d0608cfda,0.6659999999999999
67809,7681bd329449d88,0.6657026029526031
22853,24c8450c6fc7a2f,0.6657026029526031
118365,df10d33dcb53828,0.6657026029526031
43002,48803b0cd1b6255,0.6656666666666666
57980,63d0e7e4cc43c70,0.665
105402,c2afa866033ea51,0.665
53781,5c0681f1e760e75,0.665
108225,c8b71a23ae3b700,0.665
58265,644b070dffaf4be,0.6642857142857143
100168,b7f6dccab6c468e,0.6633333333333333
38390,40389101f997326,0.6633333333333333
42473,477da72abd69270,0.6633333333333333
46774,4f2401191b53dd4,0.6633333333333333
29759,30cf4042467cce3,0.6633333333333333
85256,992f1589d13c4df,0.6633333333333333
125305,eefbd7b4260a1dc,0.6633333333333333
23752,2644d1ff10303c9,0.6633333333333333
6765,0a9b0458b69db78,0.6633333333333333
120526,e419bd72fa88a2e,0.6633333333333333
127591,f403782758d8e78,0.6629999999999999
33349,37621c7448a8e06,0.661564407814408
25072,28827d0f617cf46,0.6608333333333334
123881,ebabadf4c0291ab,0.66
59944,676a59b5729e0c3,0.66
97967,b38108e08888074,0.66
38559,407b7ed0f074ebd,0.66
98138,b3d85734077745e,0.66
66602,7431a694ecf81a3,0.66
62524,6c6490ee32ead27,0.66
100492,b8a4cbcf17daf8b,0.66
132650,ffa4eb66e3b7859,0.66
92620,a83e6dae63f2fce,0.66
14451,17057adeaa93732,0.66
46828,4f3bdeb2f034361,0.66
70551,7bee48b6d4ff599,0.66
22635,2474bf3ef4340ef,0.66
109300,cb10bee2ebd8581,0.66
502,00d9b03e25ea485,0.66
72743,802684033c1c82e,0.66
87440,9d892383279aa1f,0.66
36529,3cd4fbc2b7f7428,0.66
20090,2060c127ab3a9d9,0.66
59236,6616179abd3ac67,0.66
53965,5c5af5737ea9740,0.66
4402,06dc630f5910238,0.66
75384,8565051cd9f0567,0.66
5233,082b94d04f0848f,0.66
78459,8bb614e433be1c6,0.66
82162,92fe5372ae359bc,0.66
77940,8ab01e8fca3d3b1,0.66
382,00a43c01533da7d,0.66
38321,4016636bc1c6a34,0.66
5663,08d93042b17a3de,0.66
40747,4458ba91be56cbe,0.66
11057,11741bf087ce98b,0.66
51775,58438f2daad2dcf,0.66
119832,e27dae64ba855e6,0.66
108373,c90bc422c033d72,0.66
66910,74c076bc91173ba,0.66
54882,5e0e04c8397aa2d,0.66
64686,7086395a1fe1e9d,0.66
52422,596e88d1378c027,0.6585488305541523
18548,1dcf16612dd7aff,0.6583333333333334
78102,8aff6a452b808e6,0.6583333333333334
24045,26bfc6c4459b3b4,0.6583333333333334
129278,f7d813fab99fe93,0.6575
130643,fb0110c25c07737,0.6575
51650,5806c8fc5505525,0.6566666666666667
24842,28208e622dbc9b0,0.6566666666666667
88986,a0c0999f0a47741,0.6566666666666667
96435,b02c046ca064589,0.6566666666666666
55125,5e891036c636ced,0.655
7607,0bf6e2f638747fc,0.655
49150,5364e2d8b135835,0.655
30755,32978bb5af0d2c4,0.655
18228,1d41701130f493f,0.655
24435,2762fa02b917019,0.654
104779,c170c49d26ed174,0.6539404761904762
93478,a9f379ee19b37de,0.6539404761904762
69454,79cd3454f1ef597,0.6539404761904762
60799,68fc419efe1e86f,0.6539404761904762
112524,d23c41148e8e3a0,0.6539404761904762
102962,bd9c074d4d4ca5d,0.6539404761904762
63827,6ed7c8ff8ab8346,0.6536666666666667
102482,bcac40f2a266c8e,0.6536666666666667
47739,50d4e1b14cc97d1,0.6535
104330,c07f87b03943eb5,0.6533333333333334
74536,83a8c99fa8195af,0.6526666666666668
79661,8dff3b5cac8fe60,0.6526666666666668
848,01657423872c96c,0.6526666666666668
75245,85203aee4e231b8,0.6526666666666668
89844,a292015d15576c5,0.6526666666666668
105875,c3b4d398a22573f,0.6526666666666668
124086,ec1fd0711ee8682,0.6526666666666668
101978,bba079b75146db9,0.6526666666666668
94459,abfeb0645b98236,0.6526666666666668
26658,2b416f44aa0d88b,0.6526666666666668
12855,14671451f8e88b7,0.6526666666666668
74458,8382106cf36e78f,0.6525
54700,5dbc09cfc7841ed,0.6525
41042,44e0d4cc57cddc9,0.6514893994893997
68810,788fac50c9e08d8,0.6514893994893997
26807,2b8b863009bb4ec,0.6514893994893997
36287,3c64c0a3397f0b8,0.6514893994893997
18731,1e1eec60ae03fe0,0.6512680375180375
72726,801c7c1dedb0ba1,0.6512139249639248
92936,a8d947e9d90a572,0.650702380952381
6397,0a0269eeeec61a2,0.65
55303,5ed91968b289d49,0.65
92306,a785c6f689f24e1,0.65
58779,65349b92bb74b8b,0.65
27,000bc6834332f42,0.65
20156,20764a62baca5b0,0.65
132711,ffc8f3cff67b394,0.65
4152,0676e402c6def88,0.65
132140,fe8a6ce25451b56,0.65
62874,6d0f80be21f4166,0.65
76481,879be193b655dfb,0.65
114731,d70d109dc73f8f5,0.65
55512,5f403367e9e89cb,0.65
21526,22a998a0c3c4476,0.65
76362,875015b8fa51f35,0.65
123856,eb9aad4a4205509,0.65
67318,758c556cb065c1c,0.65
33790,382bac744cec902,0.65
74980,8491f57e5fffc5a,0.65
108019,c84446d99012568,0.65
85184,99113a704e01c5c,0.65
110826,ce85db4ead6a397,0.65
71199,7d1fb539191d338,0.65
67766,7669bd2207a935f,0.65
71264,7d3f4c965338acf,0.65
113435,d439f698a319c1e,0.65
106544,c50f2bcfdb35bdb,0.65
909,017eacd1ea4a35f,0.65
6879,0acccc09876d7ea,0.65
3603,05a135c5a752e21,0.65
19185,1ee74719c143483,0.65
121204,e59a244c1392c1b,0.65
72555,7fc1801286a28d9,0.65
72635,7ff1ad77efac5b9,0.65
96047,af54893f3b8aaab,0.65
1938,032800731ba1531,0.65
106245,c470bf722045203,0.65
34939,3a23e6c54088c69,0.65
54167,5cbd3e84d1e06f5,0.65
89749,a263f93e6054d93,0.65
54085,5c9464b0772b211,0.65
98862,b540b33ab20c060,0.65
49228,538a46a722c05dd,0.65
120787,e4ae47e82512527,0.65
33991,388559544e18642,0.65
89756,a2670205f95b598,0.65
55444,5f1d0057a2369aa,0.65
41541,45c949a6e19d5c8,0.65
105847,c3a827004add6a0,0.65
83129,94ed6705c838023,0.65
82822,9447f768301adc5,0.648890264230327
91100,a50a9f6a4a5df96,0.6475670995670995
75671,85f23f89d72083f,0.6475670995670995
3883,060fa44faa278c0,0.6475670995670995
131224,fc5e9cb1ebbf843,0.6475670995670995
14200,1697c23ff1cd5e2,0.6475670995670995
40125,432a77e31bbd569,0.6475670995670995
59817,672f191a19fe8c8,0.6475670995670995
33390,37756f69f7a04f4,0.6475670995670995
125381,ef2c8be0517696a,0.6475670995670995
22944,24efdc0e00946b1,0.6475670995670995
72200,7f17304292d881e,0.6475670995670995
67057,7509af73b3ccd5e,0.6475670995670995
8112,0ccc4f6382fec9c,0.6473015873015874
9410,0ed104e3cc36cbf,0.6473015873015874
92932,a8d626c9dd50fec,0.6473015873015874
90948,a4bdd06b60051c2,0.6461930014430015
107488,c7244b2ae811783,0.645
68201,7746c23008187e7,0.645
97699,b2ee077cd0662c9,0.645
124283,ec99c4cf95b7156,0.645
115462,d8a482998ce716e,0.645
35543,3b19cb6a3a4fb92,0.645
44658,4b5daa38f84b00f,0.645
22532,24434dc3ecd2ea4,0.645
43045,48914e9e4cdcdd9,0.645
99126,b5d0eba0b10c60b,0.645
56814,61b26afa751efab,0.6448333333333335
79051,8ce522724702964,0.6447338898436827
15089,18113235836eeec,0.6447338898436827
110033,ccc7b774fea9a93,0.6447338898436827
37142,3de693d309f3c0c,0.6447338898436827
61572,6a7e723ac829f2b,0.6447338898436827
2820,0472e790cabeae6,0.6447338898436827
44917,4bd3c245a8ac6c0,0.6447338898436827
46116,4dea3bf46eafe7d,0.6447338898436827
72485,7fa0a5062d297ce,0.6447338898436827
102172,bc0962993d8ddf3,0.6447338898436827
109148,cabcff220c2041f,0.6447338898436827
47130,4fbf5cde29ed26d,0.6447338898436827
63833,6eda3ded86765f8,0.6447338898436827
4689,074d6e3b30fcf1f,0.6447338898436827
59911,675cbb81ca2247e,0.6447338898436827
95074,ad4a66214b28496,0.6447338898436827
34411,393c985ec0d487f,0.6447338898436827
104997,c1e06455bafbd67,0.6433333333333334
43742,49c49981b3fd9d3,0.6433333333333334
52926,5a58fd2b86dbd82,0.6433333333333334
118963,e08959c5f8f1a56,0.6433333333333334
130597,fae711f97e1d1f1,0.6432142857142858
18835,1e526fc80673d36,0.6432142857142858
104923,c1bae134a5e30ce,0.6432142857142858
104284,c069f8f62f8892a,0.6419999999999999
96223,afb73787d9f94f6,0.6416666666666666
27619,2d0b7f45bd72c12,0.6416666666666666
49097,53521a79a1513a4,0.6403333333333333
128404,f5e364df3049dd0,0.64
794,0151d32aaa55e66,0.64
25452,29349b06cb46260,0.64
67646,762d45de7e16480,0.64
64758,70a85eb488a5ea8,0.64
132288,fee5c7e73d40191,0.64
27650,2d168a403c26b30,0.64
12716,1429e23e247b947,0.64
35178,3a86069de65ba9f,0.64
12872,146e5a20f5dbbd5,0.64
84692,98199e6bdc8905f,0.64
132654,ffa6fff53720d47,0.64
54289,5cf4ebe5bbabb05,0.64
104166,c02644ae920f5a2,0.64
107558,c74e55048612536,0.64
88472,9fa6fde6613ef4b,0.64
9494,0ef71724957ac39,0.64
52411,596a3e3c08b29d7,0.64
40005,42f54c204f2b3af,0.64
61075,698ac96f3616886,0.64
89198,a1350a299e2f51a,0.64
43534,4967f25031e392c,0.64
48140,51949cd96deb828,0.64
63955,6f1853970cc7eed,0.64
105520,c2eb5526d168e32,0.64
11252,11cf5f29bec9c88,0.64
42578,47b02c88a3d3100,0.64
19590,1f9239ef2284608,0.64
94805,acbd17557444710,0.64
110598,ce0ce9e2e931c36,0.64
60544,687373da485fb1f,0.64
101924,bb8459121727bc3,0.64
18814,1e4853906438131,0.64
81552,91ca5880e03cb74,0.64
70969,7cb6a4f9576626c,0.64
110307,cd69226ea530ddc,0.64
92270,a772f884d89d265,0.64
8475,0d616bfb2f9660c,0.64
128693,f687082bf276e2c,0.64
113418,d42ce49ab5813ef,0.64
120903,e4ebe99e2fee8a8,0.64
102483,bcac806f63d4e2e,0.64
3850,06036c17793d96d,0.64
90506,a3d4706e612390a,0.64
39498,421a0f879399158,0.64
95857,aee5c188a9fd40d,0.64
81310,91524cb7606b027,0.64
108620,c98964e23dc3300,0.64
90817,a477cc01a4ca8f7,0.64
30583,324eebae59f702d,0.64
103286,be4802c8a34866e,0.64
61974,6b4bff69672c2be,0.64
62317,6bfcc1bde8284ab,0.64
16404,1a2fc7709f252ff,0.639
112387,d1f1b74374351fd,0.6383333333333333
17953,1cd0dfd9b62fa7c,0.6375
29112,2faf69a486127c0,0.6366666666666667
91733,a6593ec99faa4de,0.6366666666666667
35923,3bc0b64756bb965,0.6358333333333334
89935,a2c35281c930849,0.6350000000000001
101532,bac3e4459edba5b,0.6350000000000001
109037,ca821c340c1c1a3,0.6350000000000001
77858,8a882c3cd7f2a9b,0.6350000000000001
74936,8479fdf5c109412,0.6350000000000001
25181,28b401eff8fee99,0.6350000000000001
44410,4aec6ccbcda2872,0.635
16010,198e28bf0b28db6,0.635
63665,6e8e766b15d002c,0.6333333333333333
23879,2680c19c6cd7ce2,0.6333333333333333
37389,3e5bddd26f29991,0.6333333333333333
41354,45721dd0590b9b0,0.6308333333333334
114045,d580ebd40cfab82,0.63
115601,d8f0bc0c8be4f34,0.63
6033,096f74940b19c36,0.63
115945,d9bc812f7c0f994,0.63
130371,fa6302b416c47b7,0.63
18151,1d215f1dac250a2,0.63
45269,4c6ae2750cf8f18,0.63
34465,3955b27d2ce5d82,0.63
36101,3c114b3774cfb18,0.63
57698,634fa3ac423ce0b,0.63
71440,7d8eaf0ad9050d9,0.63
131183,fc46f295cac6b58,0.63
49629,54402ca7428b825,0.63
72802,80426e31dd99687,0.63
70655,7c21520dc24c16f,0.63
94867,acd97e4cd048a2b,0.63
23888,2682f8edf3c7fd2,0.63
108270,c8d09e2d5485411,0.63
68185,773c8b0688c1b79,0.63
119284,e143d76e2833e54,0.63
68038,76f6c9594729242,0.63
3808,05f33fa85776c00,0.63
65886,72d1510be1b8bea,0.63
77118,89069930f3fe2f5,0.63
94353,abcc3da15018dc3,0.63
12182,134803d7b9fba57,0.63
5885,09255446aede6fc,0.63
7875,0c66ac5ea0f1294,0.63
54316,5d051cbfbfae479,0.63
124972,ee460c3315064cd,0.63
89189,a13011f3d17b0fa,0.63
32614,3603ab36e5b6c49,0.63
60807,6900ae3e17786b6,0.63
33411,3781400ad4c8b65,0.63
105998,c3fcf817c728d8b,0.63
51424,578a45d7d81512b,0.63
50710,5636fcf6ad80ef1,0.63
46568,4ec6562a8f30d79,0.6275
61628,6aa009dba0c97b6,0.6266666666666667
122705,e905dbdd183fe06,0.6266666666666667
31800,34818810374de6e,0.6266666666666666
51628,57f45ac3ef107aa,0.6266666666666666
6895,0ad26104c5e745f,0.6266666666666666
43518,4961a11086a5448,0.6266666666666666
124783,edcd782606e2974,0.6259999999999999
88063,9ed7f8e04fb0580,0.6259999999999999
107799,c7d02fece0cca9c,0.6259999999999999
103278,be42be4b6f31437,0.6259999999999999
46545,4eb976e830c7b64,0.6259999999999999
88724,a02a1bc927d6aee,0.6258333333333334
77553,89e573625b3bc36,0.6258333333333334
63982,6f25836f23f830e,0.625
115585,d8ea02f7b4edfeb,0.625
14917,17c455c722267c8,0.625
433,00be41ebf47ef01,0.6233333333333334
16343,1a14a2761da7364,0.6233333333333333
46230,4e1a80bcd03bdf7,0.6226235637634423
40234,4356aef25d0a8f7,0.6226235637634423
40261,4360194d45a40f2,0.6226235637634423
7526,0bd87c90eae68d3,0.6226235637634423
112018,d12b9a59a978dc7,0.6226235637634423
112365,d1e7d93c1f4ae39,0.6226235637634423
129067,f75cfb63d3628fb,0.6226235637634423
89003,a0c6760bb2e7de3,0.6226235637634423
30500,322741d664fa0af,0.6226235637634423
106180,c4513fdceb0c6a2,0.6226235637634423
10094,0fe8514dcd5d33e,0.6226235637634423
17108,1b6bf78dc9c7404,0.6226235637634423
100997,b99c8081b51e05c,0.6226235637634423
156,0044fb84f7cf0a2,0.6226235637634423
100560,b8c953cca9a0777,0.6226235637634423
54803,5de84dff7793e86,0.6226235637634423
8892,0dfd5350cd865c5,0.6226235637634423
93502,aa04de03e0640ca,0.6226235637634423
92464,a7e5106faf5ba61,0.6226235637634423
110502,cddb62accb48c40,0.6226235637634423
7669,0c138872600115c,0.6226235637634423
30669,326d65e765d31f6,0.6226235637634423
14307,16c2e5a3bf0be5a,0.6226235637634423
95220,ad9a25179f6e01d,0.6226235637634423
53003,5a7d862e2106687,0.6226235637634423
41846,4658ab7e3f4721d,0.6226235637634423
91353,a581ccac9f81ca8,0.6226235637634423
90933,a4b5f759d8e6b25,0.6226235637634423
111247,cf6ec1825fb854d,0.6226235637634423
42581,47b14a875e760fd,0.6226235637634423
13062,14c1d617b85b935,0.6226235637634423
13043,14b94d2af3404fc,0.6226235637634423
9781,0f6d7b34d290ab8,0.6226235637634423
111486,cffe7cd6fbac79b,0.6226235637634423
109697,cc07214a526eb03,0.6226235637634423
100316,b843224c38566a9,0.6226235637634423
31671,344cb5dbf838b3f,0.6226235637634423
4523,07104c3c3551ba1,0.6226235637634423
3387,054d27c113c4031,0.6226235637634423
57367,62b77015a4d8894,0.6226235637634423
78729,8c3b97f9cb9b23a,0.6226235637634423
123564,eaf2baefb1daaad,0.6226235637634423
78839,8c7371dfbcde825,0.6226235637634423
63285,6dd969e4fd68ecb,0.6226235637634423
115879,d996e63497975e0,0.6226235637634423
131137,fc2fb090520ed55,0.6226235637634423
81301,914cf9b5fc3a185,0.6226235637634423
72062,7ec840a2ea7834a,0.6226235637634423
23425,25b1d816ca0ca82,0.6226235637634423
47504,506e07b832fc7b4,0.6226235637634423
26591,2b23661b0f2a5be,0.6226235637634423
71093,7cf2cd4b873e989,0.6226235637634423
55641,5f85bc2382372dd,0.6226235637634423
63705,6e9ad9988a2b6d3,0.6226235637634423
122283,e8148dd1e93d7df,0.6226235637634423
80274,8f3b23d5fff8a9c,0.6226235637634423
68919,78c46374ea2676a,0.6226235637634423
24422,275b46e63d4e388,0.6226235637634423
6445,0a145a4edc961ec,0.6226235637634423
28157,2df81e87bb2871c,0.6226235637634423
83139,94f33feef63aa99,0.6226235637634423
56699,617578dbf53fc0c,0.6226235637634423
131700,fd89007269bb3c5,0.6226235637634423
77846,8a81e1add58a39e,0.6226235637634423
85163,9907a18782f077c,0.6217857142857144
27383,2c900b86981fa49,0.6216666666666667
20227,209780f85956f70,0.6216666666666666
73716,8211df567a86295,0.6209523809523805
122090,e79f3bf0757d9a0,0.62
27836,2d69dc5ce5bc845,0.62
44994,4bf978d30a10ba8,0.62
22207,23b96da49c64c61,0.62
88761,a03f975dbba0844,0.62
119993,e2e4518ebb0a96f,0.62
23921,268fc084c83372c,0.62
122043,e78268e3ce3e13c,0.62
124858,edfdcfc8c1b3325,0.62
43622,498f82fcb742bef,0.62
48243,51cc57259c484d5,0.62
9152,0e6600b1f4de112,0.62
76406,876d4b4bcb0ba2a,0.62
47401,503efd2d0e7a93f,0.62
1892,0313d7af581f660,0.62
72218,7f1e39bf069b5dd,0.62
61897,6b2604fc6c5a292,0.62
11434,12197ee552bc952,0.62
27163,2c30d82e2ac909c,0.62
51312,575e502f863fe01,0.62
49580,542e172d5bd9041,0.62
122437,e87476ff128bf48,0.62
92645,a847cf1adf003a7,0.62
7983,0c93415025b5bec,0.62
93750,aa8fd28a3f4a4f2,0.62
2406,03e0772cb399046,0.62
11365,120244fe680c107,0.62
16970,1b326e248f7ecee,0.62
22324,23ef650d1c0ab5c,0.62
57311,629ae7964a075cf,0.62
63095,6d7d36287d98616,0.62
79919,8e87ea1b406abbb,0.62
80181,8f1078510ea9b7a,0.62
98638,b4d0a0fbd88a88c,0.62
122899,e97a63502f95840,0.62
13380,154f19ffdb8b1ab,0.62
17494,1c19ddd9797515d,0.62
19393,1f3bea69bd66b4c,0.62
